{"cameraMode":{"drawMode":0,"name":"Shaded","section":"Shading Mode"},"sceneLighting":true,"audioPlay":false,"sceneViewState":{"showFog":true,"showMaterialUpdate":false,"showSkybox":true,"showFlares":true,"showImageEffects":true,"showParticleSystems":true},"in2DMode":false,"pivot":{"x":-1.2948322296142579,"y":0.8499939441680908,"z":2.0999999046325685},"rotation":{"x":-0.11701665073633194,"y":-0.020260512828826906,"z":0.0023876798804849388,"w":-0.992920458316803},"size":16.56167221069336,"orthographic":false}