{"cameraMode":{"drawMode":0,"name":"Shaded","section":"Shading Mode"},"sceneLighting":false,"audioPlay":false,"sceneViewState":{"showFog":true,"showMaterialUpdate":false,"showSkybox":true,"showFlares":true,"showImageEffects":true,"showParticleSystems":true},"in2DMode":false,"pivot":{"x":-0.01447892002761364,"y":1.5449999570846558,"z":1.0265588760375977},"rotation":{"x":-0.11701665073633194,"y":-0.020260512828826906,"z":0.0023876798804849388,"w":-0.992920458316803},"size":0.28578826785087588,"orthographic":false}