{"cameraMode":{"drawMode":0,"name":"Shaded","section":"Shading Mode"},"sceneLighting":false,"audioPlay":false,"sceneViewState":{"showFog":true,"showMaterialUpdate":false,"showSkybox":true,"showFlares":true,"showImageEffects":true,"showParticleSystems":true},"in2DMode":false,"pivot":{"x":-0.014478921890258789,"y":1.5450000762939454,"z":1.429999828338623},"rotation":{"x":-0.11701665073633194,"y":-0.020260512828826906,"z":0.0023876798804849388,"w":-0.992920458316803},"size":11.431534767150879,"orthographic":false}